{"mprims": [{"x": [0.0, 0.06923609287086663, 0.27675262602122075, 0.6219748940926095, 1.1039468234444954, 1.7213336199464138, 2.472425465615167, 3.355142253859512, 4.367039350218256, 5.505314362637833, 6.766814902539345, 8.148047315181294, 9.645186355139778, 11.254085780110337, 12.970289833692696, 14.789045585357279, 16.705316093418823, 18.71379435456285, 20.80891800129266, 22.98488470659301], "y": [-0.0, 2.6303641669036066, 5.253443688297456, 7.861974093087512, 10.448731203139273, 13.006551140232506, 15.528350166018745, 18.007144300035954, 20.43606866144931, 22.808396480952283, 25.117557730175626, 27.35715731701115, 29.52099279645932, 31.603071547951668, 33.59762737157607, 35.499136457242905, 37.30233268256617, 39.00222219709303, 40.59409725249158, 42.073549240394826], "theta": [0.0, -0.05263157894736842, -0.10526315789473684, -0.15789473684210525, -0.21052631578947367, -0.2631578947368421, -0.3157894736842105, -0.3684210526315789, -0.42105263157894735, -0.47368421052631576, -0.5263157894736842, -0.5789473684210527, -0.631578947368421, -0.6842105263157894, -0.7368421052631579, -0.7894736842105263, -0.8421052631578947, -0.894736842105263, -0.9473684210526315, -1.0]}, {"x": [0.0, 0.0, 0.0, 0.0, 0.0, 0.0, 0.0, 0.0, 0.0, 0.0, 0.0, 0.0, 0.0, 0.0, 0.0, 0.0, 0.0, 0.0, 0.0, 0.0], "y": [0.0, 2.6315789473684212, 5.2631578947368425, 7.894736842105264, 10.526315789473685, 13.157894736842106, 15.789473684210527, 18.42105263157895, 21.05263157894737, 23.68421052631579, 26.315789473684212, 28.947368421052634, 31.578947368421055, 34.21052631578948, 36.8421052631579, 39.473684210526315, 42.10526315789474, 44.736842105263165, 47.36842105263158, 50.0], "theta": [0.0, 0.0, 0.0, 0.0, 0.0, 0.0, 0.0, 0.0, 0.0, 0.0, 0.0, 0.0, 0.0, 0.0, 0.0, 0.0, 0.0, 0.0, 0.0, 0.0]}, {"x": [0.0, -0.06923609287086663, -0.27675262602122075, -0.6219748940926095, -1.1039468234444954, -1.7213336199464138, -2.472425465615167, -3.355142253859512, -4.367039350218256, -5.505314362637833, -6.766814902539345, -8.148047315181294, -9.645186355139778, -11.254085780110337, -12.970289833692696, -14.789045585357279, -16.705316093418823, -18.71379435456285, -20.80891800129266, -22.98488470659301], "y": [0.0, 2.6303641669036066, 5.253443688297456, 7.861974093087512, 10.448731203139273, 13.006551140232506, 15.528350166018745, 18.007144300035954, 20.43606866144931, 22.808396480952283, 25.117557730175626, 27.35715731701115, 29.52099279645932, 31.603071547951668, 33.59762737157607, 35.499136457242905, 37.30233268256617, 39.00222219709303, 40.59409725249158, 42.073549240394826], "theta": [0.0, 0.05263157894736842, 0.10526315789473684, 0.15789473684210525, 0.21052631578947367, 0.2631578947368421, 0.3157894736842105, 0.3684210526315789, 0.42105263157894735, 0.47368421052631576, 0.5263157894736842, 0.5789473684210527, 0.631578947368421, 0.6842105263157894, 0.7368421052631579, 0.7894736842105263, 0.8421052631578947, 0.894736842105263, 0.9473684210526315, 1.0]}]}